Genome,Pan,Core,Accessory
1,6399.7,6399.7,0.0
2,7630.3,4968.9,2661.4
3,8315.3,4783.4,3531.9
4,8796.1,4692.7,4103.4
5,9602.1,4473.7,5128.4
6,10010.0,4433.9,5576.1
7,10446.8,4386.6,6060.2
8,10790.3,4334.8,6455.5
9,11266.5,4303.8,6962.7
10,11546.3,4277.6,7268.7
11,11850.2,4254.4,7595.8
12,12088.4,4238.1,7850.3
13,12343.2,4227.7,8115.5
14,12828.8,4040.2,8788.6
15,13046.8,4030.0,9016.8
16,13902.9,3701.4,10201.5
17,14327.9,3646.7,10681.2
18,14493.7,3637.9,10855.8
19,14706.1,3617.7,11088.4
20,14921.3,3606.2,11315.1
21,15242.8,3594.5,11648.3
22,15446.2,3579.6,11866.6
23,15645.8,3570.6,12075.2
24,15887.7,3552.9,12334.8
25,16024.6,3517.7,12506.9
26,16223.2,3495.2,12728.0
27,16427.8,3481.2,12946.6
28,16569.1,3464.9,13104.2
29,16695.6,3457.2,13238.4
30,16876.2,3448.1,13428.1
31,17080.3,3440.7,13639.6
32,17248.0,3421.9,13826.1
33,17415.4,3416.3,13999.1
34,17575.8,3409.0,14166.8
35,17758.5,3399.3,14359.2
36,17928.8,3385.9,14542.9
37,18089.0,3377.1,14711.9
38,18278.3,3374.1,14904.2
39,18435.9,3366.8,15069.1
40,18676.1,3345.2,15330.9
41,18796.1,3329.3,15466.8
42,18996.1,3325.6,15670.5
43,19174.7,3316.9,15857.8
44,19295.5,3309.1,15986.4
45,19415.4,3296.1,16119.3
46,19599.5,3288.2,16311.3
47,19713.1,3278.7,16434.4
48,19824.2,3260.4,16563.8
49,20030.9,3249.9,16781.0
50,20158.8,3243.0,16915.8
51,20286.7,3238.3,17048.4
52,20453.0,3232.0,17221.0
53,20548.7,3224.0,17324.7
54,20725.5,3217.8,17507.7
55,20840.6,3207.4,17633.2
56,21201.5,3084.0,18117.5
57,21308.5,3077.6,18230.9
58,21475.3,3061.0,18414.3
59,21606.1,3057.7,18548.4
60,21727.0,3054.8,18672.2
61,21794.7,3044.6,18750.1
62,21947.5,3042.0,18905.5
63,22088.4,3022.2,19066.2
64,22218.8,3012.7,19206.1
65,22327.6,3010.2,19317.4
66,22488.6,3003.2,19485.4
67,22536.8,2996.9,19539.9
68,22623.9,2993.6,19630.3
69,22772.5,2988.3,19784.2
70,22869.1,2982.8,19886.3
71,22967.3,2973.8,19993.5
72,23079.1,2968.0,20111.1
73,23244.8,2961.6,20283.2
74,23347.3,2957.4,20389.9
75,23391.1,2956.3,20434.8
76,23545.8,2952.7,20593.1
77,23678.9,2945.5,20733.4
78,23766.9,2941.6,20825.3
79,23897.8,2931.1,20966.7
80,23979.0,2923.5,21055.5
81,24132.1,2919.9,21212.2
82,24277.5,2913.3,21364.2
83,24354.0,2903.5,21450.5
84,24513.8,2895.2,21618.6
85,24635.7,2892.2,21743.5
86,24711.3,2885.2,21826.1
87,24815.4,2882.0,21933.4
88,24910.7,2877.5,22033.2
89,25053.6,2868.7,22184.9
90,25144.0,2863.5,22280.5
91,25239.5,2860.3,22379.2
92,25370.7,2848.0,22522.7
93,25470.9,2844.0,22626.9
94,25544.8,2839.8,22705.0
95,25624.1,2838.9,22785.2
96,25783.3,2830.8,22952.5
97,25871.3,2825.3,23046.0
98,25973.5,2823.9,23149.6
99,26066.4,2820.0,23246.4
100,26220.4,2799.4,23421.0
101,26338.9,2796.8,23542.1
102,26475.1,2786.2,23688.9
103,26582.5,2782.9,23799.6
104,26641.1,2780.0,23861.1
105,26738.1,2772.0,23966.1
106,27064.6,2665.5,24399.1
107,27127.0,2664.2,24462.8
108,27204.3,2656.3,24548.0
109,27288.7,2652.2,24636.5
110,27354.0,2651.0,24703.0
111,27466.5,2645.7,24820.8
112,27522.7,2642.8,24879.9
113,27610.4,2640.6,24969.8
114,27704.7,2637.6,25067.1
115,28013.6,2537.9,25475.7
116,28085.5,2535.6,25549.9
117,28173.0,2529.6,25643.4
118,28247.4,2516.6,25730.8
119,28349.2,2501.9,25847.3
120,28419.7,2500.0,25919.7
121,28495.4,2490.5,26004.9
122,28532.8,2488.9,26043.9
123,28707.5,2474.7,26232.8
124,28802.5,2466.2,26336.3
125,28905.8,2460.9,26444.9
126,28987.3,2459.4,26527.9
127,29069.7,2454.2,26615.5
128,29153.2,2449.6,26703.6
129,29288.7,2446.6,26842.1
130,29365.2,2446.0,26919.2
131,29421.7,2442.7,26979.0
132,29479.8,2440.1,27039.7
133,29570.9,2433.8,27137.1
134,29665.3,2423.0,27242.3
135,29724.6,2416.8,27307.8
136,29779.6,2415.9,27363.7
137,29903.5,2412.7,27490.8
138,30001.3,2410.2,27591.1
139,30095.1,2405.2,27689.9
140,30138.8,2401.1,27737.7
141,30242.1,2398.1,27844.0
142,30344.8,2397.3,27947.5
143,30415.7,2393.6,28022.1
144,30500.7,2389.5,28111.2
145,30577.3,2386.9,28190.4
146,30634.6,2385.3,28249.3
147,30688.3,2380.6,28307.7
148,30753.7,2379.9,28373.8
149,30832.0,2377.0,28455.0
150,30866.0,2375.2,28490.8
151,30930.6,2373.8,28556.8
152,31031.8,2370.8,28661.0
153,31103.0,2367.3,28735.7
154,31157.1,2360.1,28797.0
155,31195.2,2356.7,28838.5
156,31276.6,2352.7,28923.9
157,31348.8,2351.5,28997.3
158,31397.2,2348.8,29048.4
159,31450.9,2346.0,29104.9
160,31514.1,2344.0,29170.1
161,31627.5,2337.5,29290.0
162,31667.6,2336.0,29331.6
163,31713.8,2334.8,29379.0
164,31779.9,2328.3,29451.6
165,31861.9,2322.9,29539.0
166,31914.5,2312.9,29601.6
167,31992.9,2311.7,29681.2
168,32059.8,2309.8,29750.0
169,32154.0,2305.2,29848.8
170,32211.5,2300.7,29910.8
171,32277.4,2298.9,29978.5
172,32394.7,2296.8,30097.9
173,32435.8,2296.3,30139.5
174,32501.6,2294.6,30207.0
175,32570.4,2293.1,30277.3
176,32646.2,2289.1,30357.1
177,32738.1,2286.5,30451.6
178,32776.4,2284.6,30491.8
179,32822.1,2282.2,30539.9
180,32905.6,2278.3,30627.3
181,32946.3,2276.5,30669.8
182,32999.5,2275.1,30724.4
183,33048.6,2274.2,30774.4
184,33093.1,2273.8,30819.3
185,33155.7,2272.0,30883.7
186,33218.4,2271.2,30947.2
187,33338.4,2270.5,31067.9
188,33401.7,2268.1,31133.6
189,33478.1,2264.9,31213.2
190,33550.3,2263.1,31287.2
191,33599.7,2261.1,31338.6
192,33669.7,2257.8,31411.9
193,33703.2,2257.3,31445.9
194,33828.5,2247.9,31580.6
195,33874.9,2247.2,31627.7
196,33979.2,2245.1,31734.1
197,34070.2,2242.0,31828.2
198,34130.6,2238.3,31892.3
199,34203.5,2235.5,31968.0
200,34252.7,2232.8,32019.9
201,34294.4,2231.0,32063.4
202,34344.4,2228.6,32115.8
203,34411.5,2226.5,32185.0
204,34451.1,2225.1,32226.0
205,34506.7,2223.5,32283.2
206,34558.3,2222.1,32336.2
207,34617.3,2220.6,32396.7
208,34665.3,2216.3,32449.0
209,34754.0,2214.8,32539.2
210,34800.9,2213.5,32587.4
211,34915.7,2211.6,32704.1
212,34985.0,2208.0,32777.0
213,35041.4,2192.8,32848.6
214,35132.0,2191.9,32940.1
215,35185.4,2190.0,32995.4
216,35247.5,2187.0,33060.5
217,35334.5,2182.1,33152.4
218,35390.1,2178.9,33211.2
219,35453.5,2175.4,33278.1
220,35527.2,2174.9,33352.3
221,35601.1,2172.5,33428.6
222,35654.2,2171.4,33482.8
223,35706.5,2170.1,33536.4
224,35736.4,2169.6,33566.8
225,35803.5,2169.1,33634.4
226,35875.8,2167.2,33708.6
227,35925.3,2166.8,33758.5
228,35971.2,2164.6,33806.6
229,36054.0,2160.9,33893.1
230,36105.6,2160.0,33945.6
231,36160.3,2159.9,34000.4
232,36205.3,2158.3,34047.0
233,36253.2,2153.7,34099.5
234,36293.4,2153.4,34140.0
235,36356.0,2150.6,34205.4
236,36412.8,2148.8,34264.0
237,36447.7,2148.5,34299.2
238,36541.6,2146.3,34395.3
239,36594.4,2143.1,34451.3
240,36643.0,2142.6,34500.4
241,36742.1,2139.4,34602.7
242,36796.2,2139.1,34657.1
243,36841.2,2136.2,34705.0
244,36909.5,2134.0,34775.5
245,36938.9,2133.2,34805.7
246,36970.9,2130.0,34840.9
247,37043.8,2127.4,34916.4
248,37077.4,2125.6,34951.8
249,37114.3,2122.9,34991.4
250,37149.1,2121.1,35028.0
251,37196.4,2119.1,35077.3
252,37235.7,2116.3,35119.4
253,37367.1,2108.6,35258.5
254,37446.3,2106.9,35339.4
255,37502.4,2105.5,35396.9
256,37527.1,2105.1,35422.0
257,37561.4,2103.1,35458.3
258,37633.6,2101.8,35531.8
259,37678.5,2098.8,35579.7
260,37817.6,2079.1,35738.5
261,37926.4,2076.8,35849.6
262,37953.9,2076.1,35877.8
263,38004.5,2074.0,35930.5
264,38051.0,2072.3,35978.7
265,38095.8,2066.4,36029.4
266,38130.4,2065.1,36065.3
267,38228.6,2062.7,36165.9
268,38280.0,2061.8,36218.2
269,38317.6,2060.2,36257.4
270,38363.4,2058.2,36305.2
271,38406.5,2056.9,36349.6
272,38447.6,2055.6,36392.0
273,38492.8,2052.4,36440.4
274,38526.0,2047.9,36478.1
275,38573.7,2045.1,36528.6
276,38590.5,2044.6,36545.9
277,38650.0,2043.3,36606.7
278,38688.7,2042.1,36646.6
279,38748.4,2040.1,36708.3
280,38810.7,2038.6,36772.1
281,38890.1,2030.3,36859.8
282,38921.4,2030.0,36891.4
283,38951.2,2028.8,36922.4
284,38985.7,2028.6,36957.1
285,39026.7,2027.3,36999.4
286,39087.3,2026.4,37060.9
287,39149.8,2024.5,37125.3
288,39185.2,2022.3,37162.9
289,39211.2,2019.7,37191.5
290,39241.3,2016.7,37224.6
291,39377.4,2008.8,37368.6
292,39451.4,2005.5,37445.9
293,39501.0,2005.3,37495.7
294,39570.0,2002.5,37567.5
295,39618.7,2001.1,37617.6
296,39651.3,1999.5,37651.8
297,39706.4,1995.6,37710.8
298,39736.5,1993.1,37743.4
299,39768.7,1992.6,37776.1
300,39827.2,1991.7,37835.5
301,39886.1,1989.7,37896.4
302,39928.5,1988.1,37940.4
303,39979.6,1982.8,37996.8
304,40035.7,1978.9,38056.8
305,40114.8,1977.8,38137.0
306,40155.2,1976.9,38178.3
307,40191.0,1975.7,38215.3
308,40232.7,1974.3,38258.4
309,40287.3,1971.8,38315.5
310,40310.5,1970.0,38340.5
311,40364.5,1968.9,38395.6
312,40404.4,1967.0,38437.4
313,40440.5,1965.6,38474.9
314,40543.1,1962.6,38580.5
315,40607.8,1961.8,38646.0
316,40668.8,1960.6,38708.2
317,40711.6,1960.1,38751.5
318,40756.2,1959.6,38796.6
319,40809.9,1956.5,38853.4
320,40861.9,1956.3,38905.6
321,40888.9,1953.4,38935.5
322,40932.7,1951.2,38981.5
323,40968.7,1950.8,39017.9
324,41006.3,1950.5,39055.8
325,41090.8,1945.0,39145.8
326,41140.3,1942.8,39197.5
327,41190.8,1940.5,39250.3
328,41248.7,1939.1,39309.6
329,41283.6,1938.7,39344.9
330,41319.6,1936.0,39383.6
331,41377.1,1935.1,39442.0
332,41423.3,1934.4,39488.9
333,41459.8,1933.9,39525.9
334,41492.9,1930.9,39562.0
335,41536.5,1929.0,39607.5
336,41584.1,1925.0,39659.1
337,41630.9,1922.2,39708.7
338,41679.3,1919.6,39759.7
339,41719.0,1919.4,39799.6
340,41762.1,1918.3,39843.8
341,41829.9,1917.5,39912.4
342,41918.8,1915.7,40003.1
343,41945.3,1914.3,40031.0
344,41989.1,1912.6,40076.5
345,42026.9,1911.5,40115.4
346,42135.8,1908.0,40227.8
347,42173.4,1906.9,40266.5
348,42200.4,1904.9,40295.5
349,42253.7,1903.2,40350.5
350,42293.4,1899.2,40394.2
351,42342.6,1897.7,40444.9
352,42377.7,1897.2,40480.5
353,42442.3,1895.5,40546.8
354,42495.4,1893.9,40601.5
355,42540.2,1892.7,40647.5
356,42564.9,1890.3,40674.6
357,42604.9,1888.1,40716.8
358,42670.9,1885.3,40785.6
359,42728.4,1883.8,40844.6
360,42752.8,1883.1,40869.7
361,42804.8,1881.6,40923.2
362,42836.2,1881.1,40955.1
363,42896.4,1880.3,41016.1
364,42948.5,1880.2,41068.3
365,43008.6,1878.0,41130.6
366,43057.7,1877.3,41180.4
367,43116.4,1874.5,41241.9
368,43140.7,1873.2,41267.5
369,43165.6,1872.2,41293.4
370,43192.2,1869.5,41322.7
371,43222.4,1868.7,41353.7
372,43255.2,1867.8,41387.4
373,43287.1,1865.1,41422.0
374,43345.1,1862.6,41482.5
375,43446.6,1858.6,41588.0
376,43502.4,1857.4,41645.0
377,43539.2,1856.1,41683.1
378,43568.8,1853.8,41715.0
379,43585.8,1852.8,41733.0
380,43602.0,1851.8,41750.2
381,43640.9,1850.4,41790.5
382,43685.8,1850.0,41835.8
383,43964.0,1792.5,42171.5
384,43988.2,1791.8,42196.4
385,44019.5,1790.5,42229.0
386,44053.1,1790.2,42262.9
387,44085.5,1789.5,42296.0
388,44126.8,1786.8,42340.0
389,44179.5,1786.3,42393.2
390,44205.8,1785.3,42420.5
391,44238.3,1783.5,42454.8
392,44315.1,1782.8,42532.3
393,44350.3,1781.7,42568.6
394,44403.5,1780.7,42622.8
395,44454.5,1780.4,42674.1
396,44508.7,1777.8,42730.9
397,44563.7,1773.7,42790.0
398,44603.2,1770.1,42833.1
399,44664.8,1768.5,42896.3
400,44704.9,1767.1,42937.8
401,44757.8,1765.1,42992.7
402,44827.4,1762.9,43064.5
403,44880.1,1760.6,43119.5
404,44938.2,1759.0,43179.2
405,44960.6,1757.9,43202.7
406,45015.2,1751.3,43263.9
407,45090.3,1747.6,43342.7
408,45115.7,1746.0,43369.7
409,45139.4,1743.8,43395.6
410,45180.4,1740.4,43440.0
411,45226.1,1740.2,43485.9
412,45244.7,1739.9,43504.8
413,45278.9,1739.0,43539.9
414,45345.2,1735.9,43609.3
415,45383.3,1734.4,43648.9
416,45428.6,1732.0,43696.6
417,45465.2,1729.9,43735.3
418,45513.2,1728.2,43785.0
419,45542.2,1727.2,43815.0
420,45605.7,1726.2,43879.5
421,45640.1,1723.5,43916.6
422,45662.7,1723.1,43939.6
423,45698.0,1722.9,43975.1
424,45720.6,1721.7,43998.9
425,45749.9,1720.6,44029.3
426,45800.8,1718.3,44082.5
427,45837.9,1717.3,44120.6
428,45900.8,1715.9,44184.9
429,45935.1,1715.1,44220.0
430,45965.5,1714.2,44251.3
431,46004.3,1714.0,44290.3
432,46045.3,1713.6,44331.7
433,46064.2,1711.9,44352.3
434,46104.3,1710.0,44394.3
435,46145.3,1707.7,44437.6
436,46175.7,1706.2,44469.5
437,46203.2,1704.5,44498.7
438,46238.2,1702.4,44535.8
439,46281.2,1700.0,44581.2
440,46305.9,1699.4,44606.5
441,46341.3,1698.8,44642.5
442,46372.9,1697.4,44675.5
443,46397.2,1694.9,44702.3
444,46433.6,1694.8,44738.8
445,46466.0,1694.3,44771.7
446,46485.9,1693.1,44792.8
447,46506.0,1690.8,44815.2
448,46546.7,1688.3,44858.4
449,46612.9,1687.9,44925.0
450,46641.5,1687.2,44954.3
451,46678.9,1686.2,44992.7
452,46711.7,1685.4,45026.3
453,46740.4,1683.9,45056.5
454,46768.9,1683.7,45085.2
455,46805.6,1682.4,45123.2
456,46818.5,1682.4,45136.1
457,46842.0,1680.2,45161.8
458,46902.8,1679.3,45223.5
459,46926.5,1678.4,45248.1
460,46972.0,1675.9,45296.1
461,47003.1,1673.5,45329.6
462,47045.0,1672.2,45372.8
463,47128.2,1668.6,45459.6
464,47160.9,1668.0,45492.9
465,47198.8,1667.1,45531.7
466,47222.4,1666.4,45556.0
467,47250.7,1664.2,45586.5
468,47277.5,1663.5,45614.0
469,47304.1,1662.7,45641.4
470,47324.4,1661.2,45663.2
471,47374.4,1660.9,45713.5
472,47382.6,1660.3,45722.3
473,47425.4,1658.3,45767.1
474,47457.3,1656.9,45800.4
475,47480.0,1655.7,45824.3
476,47522.4,1654.9,45867.5
477,47573.2,1653.0,45920.2
478,47603.6,1652.1,45951.5
479,47649.3,1651.9,45997.4
480,47671.3,1651.7,46019.6
481,47699.6,1651.2,46048.4
482,47718.5,1649.7,46068.8
483,47748.9,1648.9,46100.0
484,47789.4,1644.3,46145.1
485,47807.8,1642.8,46165.0
486,47857.3,1642.2,46215.1
487,47902.0,1641.5,46260.5
488,47956.4,1640.2,46316.2
489,47975.1,1639.3,46335.8
490,48001.8,1637.1,46364.7
491,48035.8,1635.6,46400.2
492,48076.1,1634.0,46442.1
493,48100.5,1632.2,46468.3
494,48133.0,1631.1,46501.9
495,48159.2,1630.8,46528.4
496,48202.2,1628.6,46573.6
497,48258.7,1627.5,46631.2
498,48294.6,1625.8,46668.8
499,48318.3,1624.2,46694.1
500,48424.3,1619.0,46805.3
501,48460.5,1618.4,46842.1
502,48490.7,1618.1,46872.6
503,48516.7,1618.0,46898.7
504,48581.0,1615.8,46965.2
505,48658.1,1611.5,47046.6
506,48686.2,1610.3,47075.9
507,48713.1,1609.8,47103.3
508,48745.9,1608.1,47137.8
509,48781.8,1607.1,47174.7
510,48831.6,1606.2,47225.4
511,48853.4,1605.1,47248.3
512,48880.4,1602.5,47277.9
513,48949.1,1601.8,47347.3
514,48970.2,1600.7,47369.5
515,49020.6,1599.2,47421.4
516,49048.9,1598.8,47450.1
517,49101.9,1593.8,47508.1
518,49130.6,1593.3,47537.3
519,49144.4,1593.0,47551.4
520,49184.0,1592.0,47592.0
521,49241.1,1591.1,47650.0
522,49269.2,1590.5,47678.7
523,49298.8,1590.2,47708.6
524,49338.0,1589.7,47748.3
525,49361.8,1588.8,47773.0
526,49388.8,1587.8,47801.0
527,49414.9,1587.1,47827.8
528,49437.1,1585.8,47851.3
529,49468.0,1583.5,47884.5
530,49492.1,1583.1,47909.0
531,49529.4,1580.0,47949.4
532,49542.6,1579.8,47962.8
533,49577.8,1576.0,48001.8
534,49614.1,1575.4,48038.7
535,49675.4,1574.7,48100.7
536,49742.9,1573.2,48169.7
537,49767.2,1572.0,48195.2
538,49806.7,1570.9,48235.8
539,49855.9,1570.9,48285.0
540,49876.9,1569.5,48307.4
541,49897.7,1568.8,48328.9
542,49942.9,1567.6,48375.3
543,50009.6,1567.4,48442.2
544,50035.8,1567.2,48468.6
545,50064.9,1565.6,48499.3
546,50085.4,1564.5,48520.9
547,50110.8,1563.5,48547.3
548,50133.1,1562.5,48570.6
549,50170.0,1561.7,48608.3
550,50203.5,1560.5,48643.0
551,50236.9,1559.6,48677.3
552,50301.9,1557.2,48744.7
553,50320.0,1556.7,48763.3
554,50329.9,1555.9,48774.0
555,50352.1,1554.4,48797.7
556,50375.1,1552.1,48823.0
557,50389.1,1552.1,48837.0
558,50440.8,1550.0,48890.8
559,50466.2,1549.8,48916.4
560,50476.5,1548.9,48927.6
561,50518.2,1547.9,48970.3
562,50544.6,1547.2,48997.4
563,50564.9,1546.1,49018.8
564,50586.3,1545.3,49041.0
565,50615.2,1543.8,49071.4
566,50656.5,1543.1,49113.4
567,50675.9,1541.8,49134.1
568,50728.3,1540.8,49187.5
569,50748.5,1539.3,49209.2
570,50762.2,1538.4,49223.8
571,50798.9,1537.1,49261.8
572,50858.8,1535.4,49323.4
573,50881.2,1534.4,49346.8
574,50899.4,1530.6,49368.8
575,50937.8,1530.5,49407.3
576,50967.6,1530.3,49437.3
577,51002.9,1529.8,49473.1
578,51048.4,1524.3,49524.1
579,51061.8,1522.4,49539.4
580,51088.2,1521.4,49566.8
581,51116.7,1520.4,49596.3
582,51159.3,1520.0,49639.3
583,51175.3,1519.7,49655.6
584,51225.9,1519.0,49706.9
585,51269.9,1518.1,49751.8
586,51284.0,1517.9,49766.1
587,51311.3,1516.5,49794.8
588,51342.9,1515.6,49827.3
589,51408.7,1514.2,49894.5
590,51447.2,1514.0,49933.2
591,51496.4,1512.9,49983.5
592,51524.0,1512.5,50011.5
593,51537.9,1512.2,50025.7
594,51576.8,1512.0,50064.8
595,51619.4,1511.7,50107.7
596,51654.1,1510.4,50143.7
597,51673.2,1508.6,50164.6
598,51726.8,1507.6,50219.2
599,51769.9,1506.6,50263.3
600,51815.2,1506.5,50308.7
601,51865.1,1505.9,50359.2
602,51956.0,1501.3,50454.7
603,51988.4,1500.7,50487.7
604,52003.9,1500.3,50503.6
605,52045.8,1498.4,50547.4
606,52084.2,1497.9,50586.3
607,52106.3,1497.4,50608.9
608,52131.8,1497.1,50634.7
609,52153.6,1495.8,50657.8
610,52198.2,1495.6,50702.6
611,52219.8,1494.1,50725.7
612,52277.7,1492.9,50784.8
613,52326.5,1492.3,50834.2
614,52367.8,1491.9,50875.9
615,52414.7,1491.0,50923.7
616,52459.1,1488.8,50970.3
617,52502.2,1488.2,51014.0
618,52534.6,1487.9,51046.7
619,52565.0,1486.7,51078.3
620,52587.5,1484.5,51103.0
621,52627.6,1483.7,51143.9
622,52674.8,1483.2,51191.6
623,52697.0,1482.8,51214.2
624,52718.8,1482.3,51236.5
625,52780.3,1481.8,51298.5
626,52875.0,1479.1,51395.9
627,52897.8,1478.2,51419.6
628,52921.0,1477.2,51443.8
629,52965.0,1476.4,51488.6
630,53002.2,1475.1,51527.1
631,53039.2,1474.9,51564.3
632,53067.9,1474.8,51593.1
633,53098.4,1473.2,51625.2
634,53116.4,1471.9,51644.5
635,53138.3,1469.8,51668.5
636,53174.5,1468.8,51705.7
637,53200.5,1468.2,51732.3
638,53232.8,1466.6,51766.2
639,53257.3,1465.8,51791.5
640,53285.8,1464.7,51821.1
641,53313.7,1464.1,51849.6
642,53352.8,1462.8,51890.0
643,53384.3,1460.7,51923.6
644,53408.9,1460.1,51948.8
645,53494.8,1455.0,52039.8
646,53513.3,1453.7,52059.6
647,53537.7,1453.7,52084.0
648,53556.3,1453.0,52103.3
649,53610.7,1451.9,52158.8
650,53639.4,1451.5,52187.9
651,53672.6,1450.2,52222.4
652,53711.4,1449.3,52262.1
653,53733.3,1448.7,52284.6
654,53767.5,1448.1,52319.4
655,53801.3,1447.4,52353.9
656,53845.6,1446.8,52398.8
657,53866.7,1446.4,52420.3
658,53884.5,1446.4,52438.1
659,53923.6,1446.2,52477.4
660,53942.5,1444.3,52498.2
661,53967.7,1443.6,52524.1
662,53990.7,1443.3,52547.4
663,54019.0,1439.4,52579.6
664,54030.7,1439.3,52591.4
665,54065.7,1438.8,52626.9
666,54098.6,1438.2,52660.4
667,54108.7,1438.0,52670.7
668,54131.7,1437.5,52694.2
669,54176.8,1436.5,52740.3
670,54196.5,1435.7,52760.8
671,54233.6,1434.5,52799.1
672,54252.8,1433.8,52819.0
673,54287.4,1432.5,52854.9
674,54303.3,1431.5,52871.8
675,54316.9,1430.6,52886.3
676,54338.2,1430.3,52907.9
677,54381.1,1429.7,52951.4
678,54407.4,1429.5,52977.9
679,54427.0,1428.8,52998.2
680,54451.2,1428.2,53023.0
681,54485.7,1427.3,53058.4
682,54535.1,1427.0,53108.1
683,54555.4,1425.3,53130.1
684,54584.0,1424.0,53160.0
685,54629.3,1423.7,53205.6
686,54657.3,1422.8,53234.5
687,54674.9,1421.5,53253.4
688,54705.9,1420.5,53285.4
689,54838.4,1415.3,53423.1
690,54876.6,1414.6,53462.0
691,54891.9,1414.1,53477.8
692,54920.6,1413.1,53507.5
693,54953.6,1412.4,53541.2
694,54989.0,1412.2,53576.8
695,55007.8,1411.6,53596.2
696,55032.8,1411.1,53621.7
697,55052.5,1411.0,53641.5
698,55078.0,1410.3,53667.7
699,55098.9,1409.6,53689.3
700,55129.7,1408.6,53721.1
701,55173.6,1407.7,53765.9
702,55190.8,1406.7,53784.1
703,55218.1,1405.8,53812.3
704,55237.2,1405.7,53831.5
705,55335.1,1400.4,53934.7
706,55347.5,1399.8,53947.7
707,55374.1,1399.5,53974.6
708,55389.6,1399.4,53990.2
709,55406.8,1398.5,54008.3
710,55428.5,1397.3,54031.2
711,55480.7,1396.7,54084.0
712,55504.8,1395.8,54109.0
713,55528.8,1395.0,54133.8
714,55562.7,1393.8,54168.9
715,55608.4,1392.4,54216.0
716,55627.4,1391.9,54235.5
717,55674.4,1390.9,54283.5
718,55730.7,1389.4,54341.3
719,55791.3,1384.6,54406.7
720,55810.6,1384.5,54426.1
721,55836.7,1384.4,54452.3
722,55854.5,1383.1,54471.4
723,55862.3,1383.1,54479.2
724,55879.3,1382.2,54497.1
725,55912.2,1381.6,54530.6
726,55955.6,1380.5,54575.1
727,55994.4,1378.4,54616.0
728,56021.5,1377.0,54644.5
729,56035.3,1374.8,54660.5
730,56093.5,1373.6,54719.9
731,56115.7,1373.4,54742.3
732,56152.5,1371.9,54780.6
733,56179.7,1371.5,54808.2
734,56202.1,1369.9,54832.2
735,56228.2,1368.5,54859.7
736,56273.9,1368.2,54905.7
737,56309.3,1367.8,54941.5
738,56333.6,1367.5,54966.1
739,56351.0,1366.4,54984.6
740,56379.0,1365.5,55013.5
741,56413.0,1365.0,55048.0
742,56428.2,1364.3,55063.9
743,56453.0,1364.2,55088.8
744,56468.6,1364.0,55104.6
745,56489.8,1363.3,55126.5
746,56508.7,1362.6,55146.1
747,56540.1,1361.7,55178.4
748,56568.8,1361.2,55207.6
749,56608.9,1360.9,55248.0
750,56629.6,1360.3,55269.3
751,56651.3,1360.2,55291.1
752,56666.0,1360.1,55305.9
753,56680.8,1355.5,55325.3
754,56721.9,1354.0,55367.9
755,56743.3,1353.4,55389.9
756,56760.1,1353.3,55406.8
757,56778.2,1351.1,55427.1
758,56791.1,1350.3,55440.8
759,56805.4,1346.8,55458.6
760,56840.7,1346.1,55494.6
761,56924.8,1345.2,55579.6
762,56971.1,1343.8,55627.3
763,56985.1,1343.4,55641.7
764,57025.9,1342.7,55683.2
765,57082.3,1342.2,55740.1
766,57113.0,1340.3,55772.7
767,57137.9,1339.6,55798.3
768,57210.1,1338.7,55871.4
769,57224.0,1338.3,55885.7
770,57257.6,1338.2,55919.4
771,57279.3,1337.5,55941.8
772,57330.7,1335.3,55995.4
773,57384.3,1334.5,56049.8
774,57411.6,1333.7,56077.9
775,57435.0,1332.6,56102.4
776,57467.8,1331.6,56136.2
777,57482.2,1330.2,56152.0
778,57511.1,1327.0,56184.1
779,57563.8,1325.2,56238.6
780,57609.2,1323.7,56285.5
781,57660.9,1323.4,56337.5
782,57682.0,1322.4,56359.6
783,57699.9,1322.0,56377.9
784,57724.3,1321.9,56402.4
785,57750.6,1321.0,56429.6
786,57794.6,1320.2,56474.4
787,57840.9,1319.7,56521.2
788,57873.6,1318.3,56555.3
789,57888.5,1317.7,56570.8
790,57903.9,1316.9,56587.0
791,57930.0,1316.5,56613.5
792,57949.7,1315.4,56634.3
793,57964.7,1314.7,56650.0
794,57977.8,1314.3,56663.5
795,58010.5,1314.1,56696.4
796,58036.5,1313.2,56723.3
797,58072.4,1312.1,56760.3
798,58091.7,1310.2,56781.5
799,58141.0,1309.4,56831.6
800,58159.8,1308.9,56850.9
801,58200.4,1308.7,56891.7
802,58235.9,1308.6,56927.3
803,58255.1,1308.1,56947.0
804,58283.6,1307.3,56976.3
805,58309.8,1306.2,57003.6
806,58327.9,1305.8,57022.1
807,58358.6,1305.6,57053.0
808,58377.2,1304.0,57073.2
809,58427.7,1303.7,57124.0
810,58451.8,1303.6,57148.2
811,58473.2,1303.2,57170.0
812,58485.9,1301.9,57184.0
813,58502.4,1301.4,57201.0
814,58525.6,1301.0,57224.6
815,58553.2,1300.6,57252.6
816,58583.5,1298.2,57285.3
817,58607.0,1296.9,57310.1
818,58626.2,1296.7,57329.5
819,58648.0,1296.3,57351.7
820,58682.0,1295.9,57386.1
821,58712.0,1293.7,57418.3
822,58727.7,1293.6,57434.1
823,58763.9,1293.3,57470.6
824,58777.5,1292.7,57484.8
825,58794.6,1291.8,57502.8
826,58813.9,1291.6,57522.3
827,58840.0,1291.5,57548.5
828,58854.1,1290.7,57563.4
829,58864.7,1289.8,57574.9
830,58879.8,1288.9,57590.9
831,58958.0,1286.9,57671.1
832,58963.9,1286.8,57677.1
833,58976.7,1284.5,57692.2
834,59014.6,1283.8,57730.8
835,59050.5,1283.2,57767.3
836,59091.6,1283.1,57808.5
837,59140.3,1282.9,57857.4
838,59179.7,1282.7,57897.0
839,59203.4,1282.1,57921.3
840,59237.5,1277.6,57959.9
841,59255.6,1277.2,57978.4
842,59282.1,1275.7,58006.4
843,59306.4,1275.5,58030.9
844,59358.2,1274.6,58083.6
845,59380.2,1272.4,58107.8
846,59399.1,1272.1,58127.0
847,59440.1,1271.8,58168.3
848,59455.3,1271.6,58183.7
849,59466.1,1271.5,58194.6
850,59505.3,1271.1,58234.2
851,59531.2,1269.1,58262.1
852,59560.9,1267.5,58293.4
853,59592.0,1266.8,58325.2
854,59619.4,1266.4,58353.0
855,59639.7,1266.0,58373.7
856,59664.3,1264.6,58399.7
857,59691.7,1264.2,58427.5
858,59700.4,1263.8,58436.6
859,59717.1,1263.6,58453.5
860,59739.5,1262.1,58477.4
861,59750.6,1262.0,58488.6
862,59781.9,1261.5,58520.4
863,59795.2,1260.2,58535.0
864,59821.6,1259.8,58561.8
865,59862.1,1259.2,58602.9
866,59898.4,1258.3,58640.1
867,59917.3,1257.6,58659.7
868,59932.7,1254.4,58678.3
869,59971.9,1250.5,58721.4
870,60012.3,1249.9,58762.4
871,60030.0,1249.4,58780.6
872,60073.6,1248.8,58824.8
873,60094.9,1248.7,58846.2
874,60118.4,1248.5,58869.9
875,60141.4,1248.1,58893.3
876,60162.0,1247.4,58914.6
877,60182.7,1247.3,58935.4
878,60214.0,1247.3,58966.7
879,60227.3,1246.9,58980.4
880,60250.3,1246.1,59004.2
881,60262.7,1245.8,59016.9
882,60299.8,1245.5,59054.3
883,60316.4,1245.3,59071.1
884,60332.1,1245.3,59086.8
885,60355.0,1244.9,59110.1
886,60365.3,1244.7,59120.6
887,60410.8,1243.5,59167.3
888,60451.6,1242.9,59208.7
889,60481.5,1242.5,59239.0
890,60525.6,1242.0,59283.6
891,60551.7,1241.5,59310.2
892,60568.8,1240.8,59328.0
893,60583.5,1240.1,59343.4
894,60591.0,1239.9,59351.1
895,60614.3,1239.5,59374.8
896,60667.7,1238.5,59429.2
897,60695.2,1238.1,59457.1
898,60720.6,1237.9,59482.7
899,60769.6,1237.1,59532.5
900,60795.2,1237.0,59558.2
901,60809.6,1236.6,59573.0
902,60860.6,1235.9,59624.7
903,60902.7,1235.4,59667.3
904,60914.3,1235.2,59679.1
905,60935.5,1234.4,59701.1
906,60965.7,1234.3,59731.4
907,60969.8,1233.5,59736.3
908,60989.9,1233.1,59756.8
909,61007.9,1232.6,59775.3
910,61056.0,1232.4,59823.6
911,61078.7,1231.5,59847.2
912,61099.6,1230.2,59869.4
913,61114.9,1230.2,59884.7
914,61131.2,1230.2,59901.0
915,61166.6,1229.8,59936.8
916,61225.7,1229.4,59996.3
917,61244.1,1228.6,60015.5
918,61274.6,1227.1,60047.5
919,61308.8,1225.5,60083.3
920,61339.8,1224.4,60115.4
921,61353.4,1224.4,60129.0
922,61365.1,1223.9,60141.2
923,61392.6,1223.3,60169.3
924,61413.2,1222.5,60190.7
925,61424.0,1220.7,60203.3
926,61440.3,1220.1,60220.2
927,61455.5,1220.1,60235.4
928,61474.1,1219.5,60254.6
929,61482.6,1218.8,60263.8
930,61502.6,1218.6,60284.0
931,61532.7,1217.6,60315.1
932,61549.2,1217.3,60331.9
933,61576.1,1215.3,60360.8
934,61600.5,1215.0,60385.5
935,61621.5,1214.3,60407.2
936,61657.5,1212.3,60445.2
937,61692.4,1211.6,60480.8
938,61710.0,1211.0,60499.0
939,61728.3,1210.8,60517.5
940,61763.9,1209.3,60554.6
941,61775.4,1209.1,60566.3
942,61803.8,1208.5,60595.3
943,61813.6,1207.9,60605.7
944,61841.8,1206.6,60635.2
945,61863.1,1206.0,60657.1
946,61900.5,1204.4,60696.1
947,61914.8,1204.2,60710.6
948,61951.2,1203.5,60747.7
949,61978.1,1201.6,60776.5
950,62019.7,1201.3,60818.4
951,62035.8,1201.1,60834.7
952,62095.9,1200.1,60895.8
953,62115.5,1199.2,60916.3
954,62155.8,1198.8,60957.0
955,62178.3,1198.5,60979.8
956,62215.7,1197.5,61018.2
957,62235.4,1197.2,61038.2
958,62258.2,1197.0,61061.2
959,62329.4,1195.6,61133.8
960,62344.7,1195.1,61149.6
961,62360.8,1194.8,61166.0
962,62374.1,1194.7,61179.4
963,62398.4,1194.3,61204.1
964,62410.7,1193.5,61217.2
965,62424.7,1192.6,61232.1
966,62434.2,1192.2,61242.0
967,62464.1,1191.9,61272.2
968,62490.0,1191.7,61298.3
969,62526.4,1191.3,61335.1
970,62559.9,1190.9,61369.0
971,62579.3,1190.1,61389.2
972,62595.1,1189.8,61405.3
973,62609.6,1189.3,61420.3
974,62634.4,1189.2,61445.2
975,62652.8,1189.0,61463.8
976,62674.5,1188.6,61485.9
977,62685.9,1188.5,61497.4
978,62723.6,1188.5,61535.1
979,62739.2,1187.2,61552.0
980,62748.3,1186.9,61561.4
981,62767.9,1186.3,61581.6
982,62780.5,1186.1,61594.4
983,62802.2,1185.9,61616.3
984,62809.4,1185.6,61623.8
985,62814.6,1185.6,61629.0
986,62826.4,1185.3,61641.1
987,62854.3,1184.6,61669.7
988,62882.0,1183.8,61698.2
989,62908.5,1183.8,61724.7
990,62939.6,1181.5,61758.1
991,62974.7,1181.4,61793.3
992,62995.8,1181.3,61814.5
993,63018.9,1181.0,61837.9
994,63070.8,1180.5,61890.3
995,63111.9,1180.3,61931.6
996,63122.3,1180.1,61942.2
997,63142.1,1180.0,61962.1
998,63157.5,1179.1,61978.4
999,63184.1,1178.8,62005.3
1000,63199.6,1178.7,62020.9
1001,63213.8,1178.3,62035.5
1002,63265.9,1178.2,62087.7
1003,63278.2,1177.8,62100.4
1004,63306.7,1177.5,62129.2
1005,63335.5,1176.5,62159.0
1006,63354.6,1176.2,62178.4
1007,63371.3,1175.6,62195.7
1008,63388.7,1174.0,62214.7
1009,63417.4,1172.9,62244.5
1010,63450.8,1171.7,62279.1
1011,63461.1,1171.4,62289.7
1012,63510.1,1170.8,62339.3
1013,63527.3,1170.1,62357.2
1014,63551.0,1169.6,62381.4
1015,63579.2,1168.9,62410.3
1016,63602.6,1168.7,62433.9
1017,63613.8,1168.0,62445.8
1018,63632.6,1166.8,62465.8
1019,63650.5,1165.5,62485.0
1020,63679.6,1161.7,62517.9
1021,63685.9,1161.5,62524.4
1022,63699.4,1161.2,62538.2
1023,63725.3,1160.9,62564.4
1024,63755.2,1160.2,62595.0
1025,63770.5,1160.1,62610.4
1026,63781.9,1159.6,62622.3
1027,63803.8,1159.4,62644.4
1028,63809.7,1159.2,62650.5
1029,63831.7,1159.0,62672.7
1030,63852.2,1158.6,62693.6
1031,63884.2,1158.0,62726.2
1032,63898.4,1157.7,62740.7
1033,63903.8,1157.5,62746.3
1034,63926.7,1156.5,62770.2
1035,63948.7,1155.8,62792.9
1036,63975.4,1155.6,62819.8
1037,63993.4,1155.5,62837.9
1038,64025.7,1154.9,62870.8
1039,64037.3,1154.2,62883.1
1040,64049.8,1153.6,62896.2
1041,64078.0,1153.2,62924.8
1042,64098.7,1153.1,62945.6
1043,64110.8,1152.8,62958.0
1044,64131.8,1152.8,62979.0
1045,64149.2,1152.8,62996.4
1046,64198.9,1149.1,63049.8
1047,64220.3,1148.5,63071.8
1048,64245.4,1148.3,63097.1
1049,64258.7,1148.2,63110.5
1050,64269.7,1147.9,63121.8
1051,64326.7,1146.2,63180.5
1052,64337.6,1145.5,63192.1
1053,64354.5,1145.4,63209.1
1054,64383.6,1145.1,63238.5
1055,64406.3,1144.5,63261.8
1056,64422.1,1144.2,63277.9
1057,64466.3,1143.8,63322.5
1058,64477.0,1143.8,63333.2
1059,64493.6,1143.4,63350.2
1060,64523.7,1143.3,63380.4
1061,64552.3,1142.2,63410.1
1062,64564.6,1141.8,63422.8
1063,64601.3,1141.6,63459.7
1064,64626.5,1141.1,63485.4
1065,64654.3,1140.1,63514.2
1066,64671.1,1139.7,63531.4
1067,64688.9,1138.7,63550.2
1068,64701.0,1137.3,63563.7
1069,64709.6,1136.8,63572.8
1070,64725.3,1136.0,63589.3
1071,64740.0,1135.9,63604.1
1072,64764.1,1135.8,63628.3
1073,64773.3,1135.6,63637.7
1074,64789.7,1134.9,63654.8
1075,64804.7,1134.8,63669.9
1076,64828.5,1134.6,63693.9
1077,64856.4,1134.4,63722.0
1078,64871.0,1133.7,63737.3
1079,64893.0,1132.8,63760.2
1080,64911.7,1132.2,63779.5
1081,64922.4,1132.2,63790.2
1082,64950.3,1132.1,63818.2
1083,64968.3,1131.7,63836.6
1084,64980.7,1131.2,63849.5
1085,65042.0,1129.8,63912.2
1086,65071.0,1129.6,63941.4
1087,65084.5,1129.4,63955.1
1088,65126.2,1129.3,63996.9
1089,65143.2,1129.2,64014.0
1090,65166.5,1128.6,64037.9
1091,65189.0,1128.2,64060.8
1092,65215.5,1127.6,64087.9
1093,65245.1,1126.5,64118.6
1094,65255.1,1125.5,64129.6
1095,65284.6,1125.1,64159.5
1096,65304.2,1124.5,64179.7
1097,65344.0,1124.5,64219.5
1098,65375.0,1123.9,64251.1
1099,65395.5,1122.9,64272.6
1100,65424.5,1121.8,64302.7
1101,65459.5,1120.8,64338.7
1102,65479.6,1120.6,64359.0
1103,65511.7,1120.2,64391.5
1104,65558.8,1118.9,64439.9
1105,65607.4,1118.8,64488.6
1106,65626.9,1118.6,64508.3
1107,65643.7,1118.4,64525.3
1108,65678.2,1118.4,64559.8
1109,65703.8,1118.2,64585.6
1110,65720.2,1118.0,64602.2
1111,65757.1,1117.7,64639.4
1112,65779.4,1117.0,64662.4
1113,65792.8,1116.5,64676.3
1114,65816.4,1116.0,64700.4
1115,65839.9,1114.5,64725.4
1116,65863.1,1113.8,64749.3
1117,65877.5,1113.3,64764.2
1118,65886.1,1111.8,64774.3
1119,65900.7,1111.5,64789.2
1120,65911.6,1110.8,64800.8
1121,65921.8,1110.4,64811.4
1122,65943.4,1110.0,64833.4
1123,65978.2,1109.2,64869.0
1124,66000.4,1108.7,64891.7
1125,66023.8,1107.9,64915.9
1126,66042.3,1107.2,64935.1
1127,66057.0,1106.9,64950.1
1128,66076.2,1106.4,64969.8
1129,66099.6,1105.4,64994.2
1130,66114.4,1104.9,65009.5
1131,66140.9,1104.4,65036.5
1132,66163.6,1104.0,65059.6
1133,66175.1,1103.4,65071.7
1134,66198.1,1103.1,65095.0
1135,66205.6,1103.0,65102.6
1136,66222.5,1101.9,65120.6
1137,66235.7,1101.9,65133.8
1138,66243.7,1101.4,65142.3
1139,66286.1,1100.0,65186.1
1140,66305.2,1099.4,65205.8
1141,66339.2,1098.9,65240.3
1142,66347.2,1098.8,65248.4
1143,66354.5,1098.2,65256.3
1144,66398.3,1097.1,65301.2
1145,66433.0,1095.9,65337.1
1146,66464.8,1095.3,65369.5
1147,66477.3,1094.9,65382.4
1148,66494.2,1094.0,65400.2
1149,66513.8,1093.9,65419.9
1150,66556.7,1093.1,65463.6
1151,66591.6,1092.7,65498.9
1152,66605.2,1092.6,65512.6
1153,66617.4,1091.8,65525.6
1154,66627.6,1091.3,65536.3
1155,66657.9,1090.9,65567.0
1156,66688.9,1090.5,65598.4
1157,66707.3,1090.1,65617.2
1158,66720.4,1090.0,65630.4
1159,66768.7,1088.6,65680.1
1160,66781.9,1088.4,65693.5
1161,66801.8,1088.0,65713.8
1162,66822.8,1087.8,65735.0
1163,66916.0,1085.7,65830.3
1164,66935.1,1085.4,65849.7
1165,66950.1,1085.2,65864.9
1166,66972.2,1084.3,65887.9
1167,66982.4,1084.1,65898.3
1168,67001.7,1082.8,65918.9
1169,67012.9,1082.8,65930.1
1170,67048.4,1082.1,65966.3
1171,67082.6,1081.6,66001.0
1172,67092.5,1081.3,66011.2
1173,67113.8,1081.1,66032.7
1174,67133.4,1081.0,66052.4
1175,67166.3,1080.7,66085.6
1176,67192.3,1080.2,66112.1
1177,67210.5,1079.0,66131.5
1178,67222.2,1078.6,66143.6
1179,67239.1,1077.7,66161.4
1180,67259.3,1077.4,66181.9
1181,67304.0,1077.0,66227.0
1182,67326.8,1076.8,66250.0
1183,67337.5,1074.8,66262.7
1184,67365.5,1074.7,66290.8
1185,67434.5,1073.1,66361.4
1186,67449.4,1073.0,66376.4
1187,67471.3,1072.6,66398.7
1188,67491.8,1071.9,66419.9
1189,67526.3,1070.9,66455.4
1190,67547.6,1070.4,66477.2
1191,67558.4,1070.4,66488.0
1192,67583.6,1070.3,66513.3
1193,67605.0,1070.2,66534.8
1194,67659.0,1069.4,66589.6
1195,67683.8,1068.6,66615.2
1196,67694.4,1068.6,66625.8
1197,67724.4,1068.2,66656.2
1198,67755.5,1067.3,66688.2
1199,67765.7,1067.2,66698.5
1200,67778.5,1066.8,66711.7
1201,67791.9,1066.2,66725.7
1202,67811.9,1065.6,66746.3
1203,67829.4,1064.9,66764.5
1204,67842.6,1064.5,66778.1
1205,67857.8,1063.9,66793.9
1206,67868.9,1062.6,66806.3
1207,67884.6,1062.4,66822.2
1208,67912.3,1062.1,66850.2
1209,67986.3,1060.7,66925.6
1210,68007.0,1060.6,66946.4
1211,68019.1,1060.3,66958.8
1212,68028.9,1060.0,66968.9
1213,68093.0,1060.0,67033.0
